scenario_id,timestamp,kpi_name,kpi_level,node,value,baseline_value,anomaly_score,forecast_value,threshold,status,related_interfaces,related_components
SCENARIO-01,2026-08-12T10:00:00Z,PDU_SESSION_ESTABLISHMENT_SUCCESS_RATIO,L1,SMF-01,99.6,99.5,0.05,99.51,95.0,NORMAL,N4;N11,AMF;SMF;UPF
SCENARIO-01,2026-08-12T10:00:06Z,PDU_SESSION_ESTABLISHMENT_SUCCESS_RATIO,L1,SMF-01,99.55,99.5,0.02,99.57,95.0,NORMAL,N4;N11,AMF;SMF;UPF
SCENARIO-01,2026-08-12T10:00:12Z,PDU_SESSION_ESTABLISHMENT_SUCCESS_RATIO,L1,SMF-01,99.38,99.5,0.03,99.56,95.0,NORMAL,N4;N11,AMF;SMF;UPF
SCENARIO-01,2026-08-12T10:00:18Z,PDU_SESSION_ESTABLISHMENT_SUCCESS_RATIO,L1,SMF-01,99.5,99.5,0.02,99.45,95.0,NORMAL,N4;N11,AMF;SMF;UPF
SCENARIO-01,2026-08-12T10:00:24Z,PDU_SESSION_ESTABLISHMENT_SUCCESS_RATIO,L1,SMF-01,99.38,99.5,0.03,99.42,95.0,NORMAL,N4;N11,AMF;SMF;UPF
SCENARIO-01,2026-08-12T10:00:30Z,PDU_SESSION_ESTABLISHMENT_SUCCESS_RATIO,L1,SMF-01,99.37,99.5,0.03,99.47,95.0,NORMAL,N4;N11,AMF;SMF;UPF
SCENARIO-01,2026-08-12T10:00:36Z,PDU_SESSION_ESTABLISHMENT_SUCCESS_RATIO,L1,SMF-01,99.5,99.5,0.03,99.44,95.0,NORMAL,N4;N11,AMF;SMF;UPF
SCENARIO-01,2026-08-12T10:00:42Z,PDU_SESSION_ESTABLISHMENT_SUCCESS_RATIO,L1,SMF-01,99.5,99.5,0.04,99.58,95.0,NORMAL,N4;N11,AMF;SMF;UPF
SCENARIO-01,2026-08-12T10:00:48Z,PDU_SESSION_ESTABLISHMENT_SUCCESS_RATIO,L1,SMF-01,99.51,99.5,0.03,99.53,95.0,NORMAL,N4;N11,AMF;SMF;UPF
SCENARIO-01,2026-08-12T10:00:54Z,PDU_SESSION_ESTABLISHMENT_SUCCESS_RATIO,L1,SMF-01,99.36,99.5,0.05,99.57,95.0,NORMAL,N4;N11,AMF;SMF;UPF
SCENARIO-01,2026-08-12T10:01:00Z,PDU_SESSION_ESTABLISHMENT_SUCCESS_RATIO,L1,SMF-01,99.46,99.5,0.02,99.54,95.0,NORMAL,N4;N11,AMF;SMF;UPF
SCENARIO-01,2026-08-12T10:01:06Z,PDU_SESSION_ESTABLISHMENT_SUCCESS_RATIO,L1,SMF-01,99.46,99.5,0.05,99.46,95.0,NORMAL,N4;N11,AMF;SMF;UPF
SCENARIO-01,2026-08-12T10:01:12Z,PDU_SESSION_ESTABLISHMENT_SUCCESS_RATIO,L1,SMF-01,99.39,99.5,0.02,99.52,95.0,NORMAL,N4;N11,AMF;SMF;UPF
SCENARIO-01,2026-08-12T10:01:18Z,PDU_SESSION_ESTABLISHMENT_SUCCESS_RATIO,L1,SMF-01,99.5,99.5,0.04,99.48,95.0,NORMAL,N4;N11,AMF;SMF;UPF
SCENARIO-01,2026-08-12T10:01:24Z,PDU_SESSION_ESTABLISHMENT_SUCCESS_RATIO,L1,SMF-01,99.5,99.5,0.03,99.5,95.0,NORMAL,N4;N11,AMF;SMF;UPF
SCENARIO-01,2026-08-12T10:01:30Z,PDU_SESSION_ESTABLISHMENT_SUCCESS_RATIO,L1,SMF-01,99.46,99.5,0.04,99.42,95.0,NORMAL,N4;N11,AMF;SMF;UPF
SCENARIO-01,2026-08-12T10:01:36Z,PDU_SESSION_ESTABLISHMENT_SUCCESS_RATIO,L1,SMF-01,99.51,99.5,0.05,99.51,95.0,NORMAL,N4;N11,AMF;SMF;UPF
SCENARIO-01,2026-08-12T10:01:42Z,PDU_SESSION_ESTABLISHMENT_SUCCESS_RATIO,L1,SMF-01,99.57,99.5,0.03,99.58,95.0,NORMAL,N4;N11,AMF;SMF;UPF
SCENARIO-01,2026-08-12T10:01:48Z,PDU_SESSION_ESTABLISHMENT_SUCCESS_RATIO,L1,SMF-01,99.45,99.5,0.04,99.48,95.0,NORMAL,N4;N11,AMF;SMF;UPF
SCENARIO-01,2026-08-12T10:01:54Z,PDU_SESSION_ESTABLISHMENT_SUCCESS_RATIO,L1,SMF-01,99.53,99.5,0.03,99.46,95.0,NORMAL,N4;N11,AMF;SMF;UPF
SCENARIO-01,2026-08-12T10:02:00Z,PDU_SESSION_ESTABLISHMENT_SUCCESS_RATIO,L1,SMF-01,99.41,99.5,0.05,99.54,95.0,NORMAL,N4;N11,AMF;SMF;UPF
SCENARIO-01,2026-08-12T10:02:06Z,PDU_SESSION_ESTABLISHMENT_SUCCESS_RATIO,L1,SMF-01,99.47,99.5,0.02,99.42,95.0,NORMAL,N4;N11,AMF;SMF;UPF
SCENARIO-01,2026-08-12T10:02:12Z,PDU_SESSION_ESTABLISHMENT_SUCCESS_RATIO,L1,SMF-01,99.46,99.5,0.04,99.47,95.0,NORMAL,N4;N11,AMF;SMF;UPF
SCENARIO-01,2026-08-12T10:02:18Z,PDU_SESSION_ESTABLISHMENT_SUCCESS_RATIO,L1,SMF-01,99.38,99.5,0.02,99.59,95.0,NORMAL,N4;N11,AMF;SMF;UPF
SCENARIO-01,2026-08-12T10:02:24Z,PDU_SESSION_ESTABLISHMENT_SUCCESS_RATIO,L1,SMF-01,99.49,99.5,0.04,99.48,95.0,NORMAL,N4;N11,AMF;SMF;UPF
SCENARIO-01,2026-08-12T10:02:30Z,PDU_SESSION_ESTABLISHMENT_SUCCESS_RATIO,L1,SMF-01,99.57,99.5,0.05,99.48,95.0,NORMAL,N4;N11,AMF;SMF;UPF
SCENARIO-01,2026-08-12T10:02:36Z,PDU_SESSION_ESTABLISHMENT_SUCCESS_RATIO,L1,SMF-01,99.58,99.5,0.02,99.46,95.0,NORMAL,N4;N11,AMF;SMF;UPF
SCENARIO-01,2026-08-12T10:02:42Z,PDU_SESSION_ESTABLISHMENT_SUCCESS_RATIO,L1,SMF-01,99.43,99.5,0.02,99.5,95.0,NORMAL,N4;N11,AMF;SMF;UPF
SCENARIO-01,2026-08-12T10:02:48Z,PDU_SESSION_ESTABLISHMENT_SUCCESS_RATIO,L1,SMF-01,99.39,99.5,0.03,99.57,95.0,NORMAL,N4;N11,AMF;SMF;UPF
SCENARIO-01,2026-08-12T10:02:54Z,PDU_SESSION_ESTABLISHMENT_SUCCESS_RATIO,L1,SMF-01,99.44,99.5,0.04,99.42,95.0,NORMAL,N4;N11,AMF;SMF;UPF
SCENARIO-01,2026-08-12T10:03:00Z,PDU_SESSION_ESTABLISHMENT_SUCCESS_RATIO,L1,SMF-01,96.14,99.5,0.3,94.8,95.0,NORMAL,N4;N11,AMF;SMF;UPF
SCENARIO-01,2026-08-12T10:03:06Z,PDU_SESSION_ESTABLISHMENT_SUCCESS_RATIO,L1,SMF-01,92.78,99.5,0.46,91.44,95.0,NORMAL,N4;N11,AMF;SMF;UPF
SCENARIO-01,2026-08-12T10:03:12Z,PDU_SESSION_ESTABLISHMENT_SUCCESS_RATIO,L1,SMF-01,89.42,99.5,0.62,88.08,95.0,NORMAL,N4;N11,AMF;SMF;UPF
SCENARIO-01,2026-08-12T10:03:18Z,PDU_SESSION_ESTABLISHMENT_SUCCESS_RATIO,L1,SMF-01,86.06,99.5,0.78,84.72,95.0,CRITICAL,N4;N11,AMF;SMF;UPF
SCENARIO-01,2026-08-12T10:03:24Z,PDU_SESSION_ESTABLISHMENT_SUCCESS_RATIO,L1,SMF-01,82.7,99.5,0.94,81.36,95.0,CRITICAL,N4;N11,AMF;SMF;UPF
SCENARIO-01,2026-08-12T10:03:30Z,PDU_SESSION_ESTABLISHMENT_SUCCESS_RATIO,L1,SMF-01,86.06,99.5,0.78,84.72,95.0,CRITICAL,N4;N11,AMF;SMF;UPF
SCENARIO-01,2026-08-12T10:03:36Z,PDU_SESSION_ESTABLISHMENT_SUCCESS_RATIO,L1,SMF-01,89.42,99.5,0.62,88.08,95.0,NORMAL,N4;N11,AMF;SMF;UPF
SCENARIO-01,2026-08-12T10:03:42Z,PDU_SESSION_ESTABLISHMENT_SUCCESS_RATIO,L1,SMF-01,92.78,99.5,0.46,91.44,95.0,NORMAL,N4;N11,AMF;SMF;UPF
SCENARIO-01,2026-08-12T10:03:48Z,PDU_SESSION_ESTABLISHMENT_SUCCESS_RATIO,L1,SMF-01,96.14,99.5,0.3,94.8,95.0,NORMAL,N4;N11,AMF;SMF;UPF
SCENARIO-01,2026-08-12T10:03:54Z,PDU_SESSION_ESTABLISHMENT_SUCCESS_RATIO,L1,SMF-01,99.42,99.5,0.03,99.49,95.0,NORMAL,N4;N11,AMF;SMF;UPF
SCENARIO-01,2026-08-12T10:04:00Z,PDU_SESSION_ESTABLISHMENT_SUCCESS_RATIO,L1,SMF-01,99.49,99.5,0.04,99.52,95.0,NORMAL,N4;N11,AMF;SMF;UPF
SCENARIO-01,2026-08-12T10:04:06Z,PDU_SESSION_ESTABLISHMENT_SUCCESS_RATIO,L1,SMF-01,99.52,99.5,0.04,99.52,95.0,NORMAL,N4;N11,AMF;SMF;UPF
SCENARIO-01,2026-08-12T10:04:12Z,PDU_SESSION_ESTABLISHMENT_SUCCESS_RATIO,L1,SMF-01,99.51,99.5,0.04,99.41,95.0,NORMAL,N4;N11,AMF;SMF;UPF
SCENARIO-01,2026-08-12T10:04:18Z,PDU_SESSION_ESTABLISHMENT_SUCCESS_RATIO,L1,SMF-01,99.42,99.5,0.04,99.58,95.0,NORMAL,N4;N11,AMF;SMF;UPF
SCENARIO-01,2026-08-12T10:04:24Z,PDU_SESSION_ESTABLISHMENT_SUCCESS_RATIO,L1,SMF-01,99.44,99.5,0.03,99.43,95.0,NORMAL,N4;N11,AMF;SMF;UPF
SCENARIO-01,2026-08-12T10:04:30Z,PDU_SESSION_ESTABLISHMENT_SUCCESS_RATIO,L1,SMF-01,99.51,99.5,0.02,99.55,95.0,NORMAL,N4;N11,AMF;SMF;UPF
SCENARIO-01,2026-08-12T10:04:36Z,PDU_SESSION_ESTABLISHMENT_SUCCESS_RATIO,L1,SMF-01,99.59,99.5,0.02,99.51,95.0,NORMAL,N4;N11,AMF;SMF;UPF
SCENARIO-01,2026-08-12T10:04:42Z,PDU_SESSION_ESTABLISHMENT_SUCCESS_RATIO,L1,SMF-01,99.44,99.5,0.03,99.43,95.0,NORMAL,N4;N11,AMF;SMF;UPF
SCENARIO-01,2026-08-12T10:04:48Z,PDU_SESSION_ESTABLISHMENT_SUCCESS_RATIO,L1,SMF-01,99.43,99.5,0.03,99.59,95.0,NORMAL,N4;N11,AMF;SMF;UPF
SCENARIO-01,2026-08-12T10:04:54Z,PDU_SESSION_ESTABLISHMENT_SUCCESS_RATIO,L1,SMF-01,99.5,99.5,0.05,99.43,95.0,NORMAL,N4;N11,AMF;SMF;UPF
SCENARIO-01,2026-08-12T10:05:00Z,PDU_SESSION_ESTABLISHMENT_SUCCESS_RATIO,L1,SMF-01,99.54,99.5,0.02,99.42,95.0,NORMAL,N4;N11,AMF;SMF;UPF
SCENARIO-01,2026-08-12T10:05:06Z,PDU_SESSION_ESTABLISHMENT_SUCCESS_RATIO,L1,SMF-01,99.46,99.5,0.03,99.52,95.0,NORMAL,N4;N11,AMF;SMF;UPF
SCENARIO-01,2026-08-12T10:05:12Z,PDU_SESSION_ESTABLISHMENT_SUCCESS_RATIO,L1,SMF-01,99.45,99.5,0.03,99.5,95.0,NORMAL,N4;N11,AMF;SMF;UPF
SCENARIO-01,2026-08-12T10:05:18Z,PDU_SESSION_ESTABLISHMENT_SUCCESS_RATIO,L1,SMF-01,99.44,99.5,0.02,99.54,95.0,NORMAL,N4;N11,AMF;SMF;UPF
SCENARIO-01,2026-08-12T10:05:24Z,PDU_SESSION_ESTABLISHMENT_SUCCESS_RATIO,L1,SMF-01,99.5,99.5,0.04,99.46,95.0,NORMAL,N4;N11,AMF;SMF;UPF
SCENARIO-01,2026-08-12T10:05:30Z,PDU_SESSION_ESTABLISHMENT_SUCCESS_RATIO,L1,SMF-01,99.41,99.5,0.05,99.41,95.0,NORMAL,N4;N11,AMF;SMF;UPF
SCENARIO-01,2026-08-12T10:05:36Z,PDU_SESSION_ESTABLISHMENT_SUCCESS_RATIO,L1,SMF-01,99.4,99.5,0.05,99.55,95.0,NORMAL,N4;N11,AMF;SMF;UPF
SCENARIO-01,2026-08-12T10:05:42Z,PDU_SESSION_ESTABLISHMENT_SUCCESS_RATIO,L1,SMF-01,99.54,99.5,0.03,99.42,95.0,NORMAL,N4;N11,AMF;SMF;UPF
SCENARIO-01,2026-08-12T10:05:48Z,PDU_SESSION_ESTABLISHMENT_SUCCESS_RATIO,L1,SMF-01,99.47,99.5,0.03,99.43,95.0,NORMAL,N4;N11,AMF;SMF;UPF
SCENARIO-01,2026-08-12T10:05:54Z,PDU_SESSION_ESTABLISHMENT_SUCCESS_RATIO,L1,SMF-01,99.48,99.5,0.03,99.51,95.0,NORMAL,N4;N11,AMF;SMF;UPF
SCENARIO-02,2026-08-12T10:14:24Z,INITIAL_REGISTRATION_SUCCESS_RATIO,L2,AMF-02,98.82,98.8,0.03,98.78,92.0,NORMAL,N1;N2;N8;N12,AMF;AUSF;GNB;UDM;UE
SCENARIO-02,2026-08-12T10:14:30Z,INITIAL_REGISTRATION_SUCCESS_RATIO,L2,AMF-02,98.84,98.8,0.03,98.79,92.0,NORMAL,N1;N2;N8;N12,AMF;AUSF;GNB;UDM;UE
SCENARIO-02,2026-08-12T10:14:36Z,INITIAL_REGISTRATION_SUCCESS_RATIO,L2,AMF-02,98.67,98.8,0.03,98.79,92.0,NORMAL,N1;N2;N8;N12,AMF;AUSF;GNB;UDM;UE
SCENARIO-02,2026-08-12T10:14:42Z,INITIAL_REGISTRATION_SUCCESS_RATIO,L2,AMF-02,98.75,98.8,0.04,98.76,92.0,NORMAL,N1;N2;N8;N12,AMF;AUSF;GNB;UDM;UE
SCENARIO-02,2026-08-12T10:14:48Z,INITIAL_REGISTRATION_SUCCESS_RATIO,L2,AMF-02,98.75,98.8,0.05,98.73,92.0,NORMAL,N1;N2;N8;N12,AMF;AUSF;GNB;UDM;UE
SCENARIO-02,2026-08-12T10:14:54Z,INITIAL_REGISTRATION_SUCCESS_RATIO,L2,AMF-02,98.89,98.8,0.03,98.84,92.0,NORMAL,N1;N2;N8;N12,AMF;AUSF;GNB;UDM;UE
SCENARIO-02,2026-08-12T10:15:00Z,INITIAL_REGISTRATION_SUCCESS_RATIO,L2,AMF-02,98.74,98.8,0.03,98.72,92.0,NORMAL,N1;N2;N8;N12,AMF;AUSF;GNB;UDM;UE
SCENARIO-02,2026-08-12T10:15:06Z,INITIAL_REGISTRATION_SUCCESS_RATIO,L2,AMF-02,98.76,98.8,0.03,98.72,92.0,NORMAL,N1;N2;N8;N12,AMF;AUSF;GNB;UDM;UE
SCENARIO-02,2026-08-12T10:15:12Z,INITIAL_REGISTRATION_SUCCESS_RATIO,L2,AMF-02,98.87,98.8,0.04,98.74,92.0,NORMAL,N1;N2;N8;N12,AMF;AUSF;GNB;UDM;UE
SCENARIO-02,2026-08-12T10:15:18Z,INITIAL_REGISTRATION_SUCCESS_RATIO,L2,AMF-02,98.84,98.8,0.02,98.83,92.0,NORMAL,N1;N2;N8;N12,AMF;AUSF;GNB;UDM;UE
SCENARIO-02,2026-08-12T10:15:24Z,INITIAL_REGISTRATION_SUCCESS_RATIO,L2,AMF-02,98.78,98.8,0.03,98.86,92.0,NORMAL,N1;N2;N8;N12,AMF;AUSF;GNB;UDM;UE
SCENARIO-02,2026-08-12T10:15:30Z,INITIAL_REGISTRATION_SUCCESS_RATIO,L2,AMF-02,98.74,98.8,0.05,98.83,92.0,NORMAL,N1;N2;N8;N12,AMF;AUSF;GNB;UDM;UE
SCENARIO-02,2026-08-12T10:15:36Z,INITIAL_REGISTRATION_SUCCESS_RATIO,L2,AMF-02,98.69,98.8,0.02,98.75,92.0,NORMAL,N1;N2;N8;N12,AMF;AUSF;GNB;UDM;UE
SCENARIO-02,2026-08-12T10:15:42Z,INITIAL_REGISTRATION_SUCCESS_RATIO,L2,AMF-02,98.69,98.8,0.02,98.85,92.0,NORMAL,N1;N2;N8;N12,AMF;AUSF;GNB;UDM;UE
SCENARIO-02,2026-08-12T10:15:48Z,INITIAL_REGISTRATION_SUCCESS_RATIO,L2,AMF-02,98.67,98.8,0.05,98.83,92.0,NORMAL,N1;N2;N8;N12,AMF;AUSF;GNB;UDM;UE
SCENARIO-02,2026-08-12T10:15:54Z,INITIAL_REGISTRATION_SUCCESS_RATIO,L2,AMF-02,98.77,98.8,0.04,98.82,92.0,NORMAL,N1;N2;N8;N12,AMF;AUSF;GNB;UDM;UE
SCENARIO-02,2026-08-12T10:16:00Z,INITIAL_REGISTRATION_SUCCESS_RATIO,L2,AMF-02,98.82,98.8,0.05,98.83,92.0,NORMAL,N1;N2;N8;N12,AMF;AUSF;GNB;UDM;UE
SCENARIO-02,2026-08-12T10:16:06Z,INITIAL_REGISTRATION_SUCCESS_RATIO,L2,AMF-02,98.9,98.8,0.03,98.89,92.0,NORMAL,N1;N2;N8;N12,AMF;AUSF;GNB;UDM;UE
SCENARIO-02,2026-08-12T10:16:12Z,INITIAL_REGISTRATION_SUCCESS_RATIO,L2,AMF-02,98.73,98.8,0.03,98.79,92.0,NORMAL,N1;N2;N8;N12,AMF;AUSF;GNB;UDM;UE
SCENARIO-02,2026-08-12T10:16:18Z,INITIAL_REGISTRATION_SUCCESS_RATIO,L2,AMF-02,98.81,98.8,0.04,98.82,92.0,NORMAL,N1;N2;N8;N12,AMF;AUSF;GNB;UDM;UE
SCENARIO-02,2026-08-12T10:16:24Z,INITIAL_REGISTRATION_SUCCESS_RATIO,L2,AMF-02,98.74,98.8,0.02,98.79,92.0,NORMAL,N1;N2;N8;N12,AMF;AUSF;GNB;UDM;UE
SCENARIO-02,2026-08-12T10:16:30Z,INITIAL_REGISTRATION_SUCCESS_RATIO,L2,AMF-02,98.66,98.8,0.03,98.76,92.0,NORMAL,N1;N2;N8;N12,AMF;AUSF;GNB;UDM;UE
SCENARIO-02,2026-08-12T10:16:36Z,INITIAL_REGISTRATION_SUCCESS_RATIO,L2,AMF-02,98.81,98.8,0.05,98.72,92.0,NORMAL,N1;N2;N8;N12,AMF;AUSF;GNB;UDM;UE
SCENARIO-02,2026-08-12T10:16:42Z,INITIAL_REGISTRATION_SUCCESS_RATIO,L2,AMF-02,98.8,98.8,0.03,98.82,92.0,NORMAL,N1;N2;N8;N12,AMF;AUSF;GNB;UDM;UE
SCENARIO-02,2026-08-12T10:16:48Z,INITIAL_REGISTRATION_SUCCESS_RATIO,L2,AMF-02,98.89,98.8,0.04,98.71,92.0,NORMAL,N1;N2;N8;N12,AMF;AUSF;GNB;UDM;UE
SCENARIO-02,2026-08-12T10:16:54Z,INITIAL_REGISTRATION_SUCCESS_RATIO,L2,AMF-02,98.88,98.8,0.04,98.74,92.0,NORMAL,N1;N2;N8;N12,AMF;AUSF;GNB;UDM;UE
SCENARIO-02,2026-08-12T10:17:00Z,INITIAL_REGISTRATION_SUCCESS_RATIO,L2,AMF-02,98.8,98.8,0.04,98.89,92.0,NORMAL,N1;N2;N8;N12,AMF;AUSF;GNB;UDM;UE
SCENARIO-02,2026-08-12T10:17:06Z,INITIAL_REGISTRATION_SUCCESS_RATIO,L2,AMF-02,98.76,98.8,0.04,98.87,92.0,NORMAL,N1;N2;N8;N12,AMF;AUSF;GNB;UDM;UE
SCENARIO-02,2026-08-12T10:17:12Z,INITIAL_REGISTRATION_SUCCESS_RATIO,L2,AMF-02,98.9,98.8,0.02,98.83,92.0,NORMAL,N1;N2;N8;N12,AMF;AUSF;GNB;UDM;UE
SCENARIO-02,2026-08-12T10:17:18Z,INITIAL_REGISTRATION_SUCCESS_RATIO,L2,AMF-02,98.66,98.8,0.04,98.9,92.0,NORMAL,N1;N2;N8;N12,AMF;AUSF;GNB;UDM;UE
SCENARIO-02,2026-08-12T10:17:24Z,INITIAL_REGISTRATION_SUCCESS_RATIO,L2,AMF-02,94.24,98.8,0.3,92.42,92.0,NORMAL,N1;N2;N8;N12,AMF;AUSF;GNB;UDM;UE
SCENARIO-02,2026-08-12T10:17:30Z,INITIAL_REGISTRATION_SUCCESS_RATIO,L2,AMF-02,89.68,98.8,0.46,87.86,92.0,NORMAL,N1;N2;N8;N12,AMF;AUSF;GNB;UDM;UE
SCENARIO-02,2026-08-12T10:17:36Z,INITIAL_REGISTRATION_SUCCESS_RATIO,L2,AMF-02,85.12,98.8,0.62,83.3,92.0,NORMAL,N1;N2;N8;N12,AMF;AUSF;GNB;UDM;UE
SCENARIO-02,2026-08-12T10:17:42Z,INITIAL_REGISTRATION_SUCCESS_RATIO,L2,AMF-02,80.56,98.8,0.78,78.74,92.0,CRITICAL,N1;N2;N8;N12,AMF;AUSF;GNB;UDM;UE
SCENARIO-02,2026-08-12T10:17:48Z,INITIAL_REGISTRATION_SUCCESS_RATIO,L2,AMF-02,76.0,98.8,0.94,74.18,92.0,CRITICAL,N1;N2;N8;N12,AMF;AUSF;GNB;UDM;UE
SCENARIO-02,2026-08-12T10:17:54Z,INITIAL_REGISTRATION_SUCCESS_RATIO,L2,AMF-02,80.56,98.8,0.78,78.74,92.0,CRITICAL,N1;N2;N8;N12,AMF;AUSF;GNB;UDM;UE
SCENARIO-02,2026-08-12T10:18:00Z,INITIAL_REGISTRATION_SUCCESS_RATIO,L2,AMF-02,85.12,98.8,0.62,83.3,92.0,NORMAL,N1;N2;N8;N12,AMF;AUSF;GNB;UDM;UE
SCENARIO-02,2026-08-12T10:18:06Z,INITIAL_REGISTRATION_SUCCESS_RATIO,L2,AMF-02,89.68,98.8,0.46,87.86,92.0,NORMAL,N1;N2;N8;N12,AMF;AUSF;GNB;UDM;UE
SCENARIO-02,2026-08-12T10:18:12Z,INITIAL_REGISTRATION_SUCCESS_RATIO,L2,AMF-02,94.24,98.8,0.3,92.42,92.0,NORMAL,N1;N2;N8;N12,AMF;AUSF;GNB;UDM;UE
SCENARIO-02,2026-08-12T10:18:18Z,INITIAL_REGISTRATION_SUCCESS_RATIO,L2,AMF-02,98.78,98.8,0.04,98.77,92.0,NORMAL,N1;N2;N8;N12,AMF;AUSF;GNB;UDM;UE
SCENARIO-02,2026-08-12T10:18:24Z,INITIAL_REGISTRATION_SUCCESS_RATIO,L2,AMF-02,98.88,98.8,0.03,98.85,92.0,NORMAL,N1;N2;N8;N12,AMF;AUSF;GNB;UDM;UE
SCENARIO-02,2026-08-12T10:18:30Z,INITIAL_REGISTRATION_SUCCESS_RATIO,L2,AMF-02,98.82,98.8,0.02,98.83,92.0,NORMAL,N1;N2;N8;N12,AMF;AUSF;GNB;UDM;UE
SCENARIO-02,2026-08-12T10:18:36Z,INITIAL_REGISTRATION_SUCCESS_RATIO,L2,AMF-02,98.73,98.8,0.03,98.81,92.0,NORMAL,N1;N2;N8;N12,AMF;AUSF;GNB;UDM;UE
SCENARIO-02,2026-08-12T10:18:42Z,INITIAL_REGISTRATION_SUCCESS_RATIO,L2,AMF-02,98.75,98.8,0.03,98.87,92.0,NORMAL,N1;N2;N8;N12,AMF;AUSF;GNB;UDM;UE
SCENARIO-02,2026-08-12T10:18:48Z,INITIAL_REGISTRATION_SUCCESS_RATIO,L2,AMF-02,98.89,98.8,0.04,98.73,92.0,NORMAL,N1;N2;N8;N12,AMF;AUSF;GNB;UDM;UE
SCENARIO-02,2026-08-12T10:18:54Z,INITIAL_REGISTRATION_SUCCESS_RATIO,L2,AMF-02,98.67,98.8,0.04,98.88,92.0,NORMAL,N1;N2;N8;N12,AMF;AUSF;GNB;UDM;UE
SCENARIO-02,2026-08-12T10:19:00Z,INITIAL_REGISTRATION_SUCCESS_RATIO,L2,AMF-02,98.73,98.8,0.04,98.83,92.0,NORMAL,N1;N2;N8;N12,AMF;AUSF;GNB;UDM;UE
SCENARIO-02,2026-08-12T10:19:06Z,INITIAL_REGISTRATION_SUCCESS_RATIO,L2,AMF-02,98.68,98.8,0.04,98.72,92.0,NORMAL,N1;N2;N8;N12,AMF;AUSF;GNB;UDM;UE
SCENARIO-02,2026-08-12T10:19:12Z,INITIAL_REGISTRATION_SUCCESS_RATIO,L2,AMF-02,98.79,98.8,0.04,98.77,92.0,NORMAL,N1;N2;N8;N12,AMF;AUSF;GNB;UDM;UE
SCENARIO-02,2026-08-12T10:19:18Z,INITIAL_REGISTRATION_SUCCESS_RATIO,L2,AMF-02,98.68,98.8,0.04,98.89,92.0,NORMAL,N1;N2;N8;N12,AMF;AUSF;GNB;UDM;UE
SCENARIO-02,2026-08-12T10:19:24Z,INITIAL_REGISTRATION_SUCCESS_RATIO,L2,AMF-02,98.9,98.8,0.05,98.72,92.0,NORMAL,N1;N2;N8;N12,AMF;AUSF;GNB;UDM;UE
SCENARIO-02,2026-08-12T10:19:30Z,INITIAL_REGISTRATION_SUCCESS_RATIO,L2,AMF-02,98.82,98.8,0.04,98.7,92.0,NORMAL,N1;N2;N8;N12,AMF;AUSF;GNB;UDM;UE
SCENARIO-02,2026-08-12T10:19:36Z,INITIAL_REGISTRATION_SUCCESS_RATIO,L2,AMF-02,98.73,98.8,0.05,98.77,92.0,NORMAL,N1;N2;N8;N12,AMF;AUSF;GNB;UDM;UE
SCENARIO-02,2026-08-12T10:19:42Z,INITIAL_REGISTRATION_SUCCESS_RATIO,L2,AMF-02,98.84,98.8,0.03,98.9,92.0,NORMAL,N1;N2;N8;N12,AMF;AUSF;GNB;UDM;UE
SCENARIO-02,2026-08-12T10:19:48Z,INITIAL_REGISTRATION_SUCCESS_RATIO,L2,AMF-02,98.69,98.8,0.03,98.86,92.0,NORMAL,N1;N2;N8;N12,AMF;AUSF;GNB;UDM;UE
SCENARIO-02,2026-08-12T10:19:54Z,INITIAL_REGISTRATION_SUCCESS_RATIO,L2,AMF-02,98.78,98.8,0.04,98.85,92.0,NORMAL,N1;N2;N8;N12,AMF;AUSF;GNB;UDM;UE
SCENARIO-02,2026-08-12T10:20:00Z,INITIAL_REGISTRATION_SUCCESS_RATIO,L2,AMF-02,98.78,98.8,0.04,98.88,92.0,NORMAL,N1;N2;N8;N12,AMF;AUSF;GNB;UDM;UE
SCENARIO-02,2026-08-12T10:20:06Z,INITIAL_REGISTRATION_SUCCESS_RATIO,L2,AMF-02,98.8,98.8,0.04,98.73,92.0,NORMAL,N1;N2;N8;N12,AMF;AUSF;GNB;UDM;UE
SCENARIO-02,2026-08-12T10:20:12Z,INITIAL_REGISTRATION_SUCCESS_RATIO,L2,AMF-02,98.7,98.8,0.04,98.82,92.0,NORMAL,N1;N2;N8;N12,AMF;AUSF;GNB;UDM;UE
SCENARIO-02,2026-08-12T10:20:18Z,INITIAL_REGISTRATION_SUCCESS_RATIO,L2,AMF-02,98.88,98.8,0.04,98.71,92.0,NORMAL,N1;N2;N8;N12,AMF;AUSF;GNB;UDM;UE
SCENARIO-03,2026-08-12T10:28:48Z,USER_PLANE_PACKET_DELIVERY_SUCCESS_RATIO,L1,UPF-02,99.14,99.2,0.04,99.29,94.0,NORMAL,N3;N4;N6,DATA_NETWORK;GNB;SMF;UPF
SCENARIO-03,2026-08-12T10:28:54Z,USER_PLANE_PACKET_DELIVERY_SUCCESS_RATIO,L1,UPF-02,99.2,99.2,0.04,99.26,94.0,NORMAL,N3;N4;N6,DATA_NETWORK;GNB;SMF;UPF
SCENARIO-03,2026-08-12T10:29:00Z,USER_PLANE_PACKET_DELIVERY_SUCCESS_RATIO,L1,UPF-02,99.11,99.2,0.03,99.29,94.0,NORMAL,N3;N4;N6,DATA_NETWORK;GNB;SMF;UPF
SCENARIO-03,2026-08-12T10:29:06Z,USER_PLANE_PACKET_DELIVERY_SUCCESS_RATIO,L1,UPF-02,99.25,99.2,0.05,99.14,94.0,NORMAL,N3;N4;N6,DATA_NETWORK;GNB;SMF;UPF
SCENARIO-03,2026-08-12T10:29:12Z,USER_PLANE_PACKET_DELIVERY_SUCCESS_RATIO,L1,UPF-02,99.22,99.2,0.04,99.19,94.0,NORMAL,N3;N4;N6,DATA_NETWORK;GNB;SMF;UPF
SCENARIO-03,2026-08-12T10:29:18Z,USER_PLANE_PACKET_DELIVERY_SUCCESS_RATIO,L1,UPF-02,99.24,99.2,0.04,99.2,94.0,NORMAL,N3;N4;N6,DATA_NETWORK;GNB;SMF;UPF
SCENARIO-03,2026-08-12T10:29:24Z,USER_PLANE_PACKET_DELIVERY_SUCCESS_RATIO,L1,UPF-02,99.15,99.2,0.02,99.14,94.0,NORMAL,N3;N4;N6,DATA_NETWORK;GNB;SMF;UPF
SCENARIO-03,2026-08-12T10:29:30Z,USER_PLANE_PACKET_DELIVERY_SUCCESS_RATIO,L1,UPF-02,99.2,99.2,0.05,99.11,94.0,NORMAL,N3;N4;N6,DATA_NETWORK;GNB;SMF;UPF
SCENARIO-03,2026-08-12T10:29:36Z,USER_PLANE_PACKET_DELIVERY_SUCCESS_RATIO,L1,UPF-02,99.17,99.2,0.03,99.29,94.0,NORMAL,N3;N4;N6,DATA_NETWORK;GNB;SMF;UPF
SCENARIO-03,2026-08-12T10:29:42Z,USER_PLANE_PACKET_DELIVERY_SUCCESS_RATIO,L1,UPF-02,99.23,99.2,0.04,99.12,94.0,NORMAL,N3;N4;N6,DATA_NETWORK;GNB;SMF;UPF
SCENARIO-03,2026-08-12T10:29:48Z,USER_PLANE_PACKET_DELIVERY_SUCCESS_RATIO,L1,UPF-02,99.07,99.2,0.02,99.19,94.0,NORMAL,N3;N4;N6,DATA_NETWORK;GNB;SMF;UPF
SCENARIO-03,2026-08-12T10:29:54Z,USER_PLANE_PACKET_DELIVERY_SUCCESS_RATIO,L1,UPF-02,99.18,99.2,0.04,99.12,94.0,NORMAL,N3;N4;N6,DATA_NETWORK;GNB;SMF;UPF
SCENARIO-03,2026-08-12T10:30:00Z,USER_PLANE_PACKET_DELIVERY_SUCCESS_RATIO,L1,UPF-02,99.28,99.2,0.04,99.28,94.0,NORMAL,N3;N4;N6,DATA_NETWORK;GNB;SMF;UPF
SCENARIO-03,2026-08-12T10:30:06Z,USER_PLANE_PACKET_DELIVERY_SUCCESS_RATIO,L1,UPF-02,99.28,99.2,0.03,99.18,94.0,NORMAL,N3;N4;N6,DATA_NETWORK;GNB;SMF;UPF
SCENARIO-03,2026-08-12T10:30:12Z,USER_PLANE_PACKET_DELIVERY_SUCCESS_RATIO,L1,UPF-02,99.14,99.2,0.03,99.12,94.0,NORMAL,N3;N4;N6,DATA_NETWORK;GNB;SMF;UPF
SCENARIO-03,2026-08-12T10:30:18Z,USER_PLANE_PACKET_DELIVERY_SUCCESS_RATIO,L1,UPF-02,99.11,99.2,0.03,99.12,94.0,NORMAL,N3;N4;N6,DATA_NETWORK;GNB;SMF;UPF
SCENARIO-03,2026-08-12T10:30:24Z,USER_PLANE_PACKET_DELIVERY_SUCCESS_RATIO,L1,UPF-02,99.23,99.2,0.03,99.13,94.0,NORMAL,N3;N4;N6,DATA_NETWORK;GNB;SMF;UPF
SCENARIO-03,2026-08-12T10:30:30Z,USER_PLANE_PACKET_DELIVERY_SUCCESS_RATIO,L1,UPF-02,99.06,99.2,0.05,99.19,94.0,NORMAL,N3;N4;N6,DATA_NETWORK;GNB;SMF;UPF
SCENARIO-03,2026-08-12T10:30:36Z,USER_PLANE_PACKET_DELIVERY_SUCCESS_RATIO,L1,UPF-02,99.26,99.2,0.04,99.19,94.0,NORMAL,N3;N4;N6,DATA_NETWORK;GNB;SMF;UPF
SCENARIO-03,2026-08-12T10:30:42Z,USER_PLANE_PACKET_DELIVERY_SUCCESS_RATIO,L1,UPF-02,99.2,99.2,0.05,99.1,94.0,NORMAL,N3;N4;N6,DATA_NETWORK;GNB;SMF;UPF
SCENARIO-03,2026-08-12T10:30:48Z,USER_PLANE_PACKET_DELIVERY_SUCCESS_RATIO,L1,UPF-02,99.1,99.2,0.02,99.29,94.0,NORMAL,N3;N4;N6,DATA_NETWORK;GNB;SMF;UPF
SCENARIO-03,2026-08-12T10:30:54Z,USER_PLANE_PACKET_DELIVERY_SUCCESS_RATIO,L1,UPF-02,99.2,99.2,0.03,99.26,94.0,NORMAL,N3;N4;N6,DATA_NETWORK;GNB;SMF;UPF
SCENARIO-03,2026-08-12T10:31:00Z,USER_PLANE_PACKET_DELIVERY_SUCCESS_RATIO,L1,UPF-02,99.11,99.2,0.02,99.15,94.0,NORMAL,N3;N4;N6,DATA_NETWORK;GNB;SMF;UPF
SCENARIO-03,2026-08-12T10:31:06Z,USER_PLANE_PACKET_DELIVERY_SUCCESS_RATIO,L1,UPF-02,99.21,99.2,0.04,99.11,94.0,NORMAL,N3;N4;N6,DATA_NETWORK;GNB;SMF;UPF
SCENARIO-03,2026-08-12T10:31:12Z,USER_PLANE_PACKET_DELIVERY_SUCCESS_RATIO,L1,UPF-02,99.26,99.2,0.03,99.21,94.0,NORMAL,N3;N4;N6,DATA_NETWORK;GNB;SMF;UPF
SCENARIO-03,2026-08-12T10:31:18Z,USER_PLANE_PACKET_DELIVERY_SUCCESS_RATIO,L1,UPF-02,99.21,99.2,0.04,99.24,94.0,NORMAL,N3;N4;N6,DATA_NETWORK;GNB;SMF;UPF
SCENARIO-03,2026-08-12T10:31:24Z,USER_PLANE_PACKET_DELIVERY_SUCCESS_RATIO,L1,UPF-02,99.12,99.2,0.02,99.17,94.0,NORMAL,N3;N4;N6,DATA_NETWORK;GNB;SMF;UPF
SCENARIO-03,2026-08-12T10:31:30Z,USER_PLANE_PACKET_DELIVERY_SUCCESS_RATIO,L1,UPF-02,99.19,99.2,0.03,99.23,94.0,NORMAL,N3;N4;N6,DATA_NETWORK;GNB;SMF;UPF
SCENARIO-03,2026-08-12T10:31:36Z,USER_PLANE_PACKET_DELIVERY_SUCCESS_RATIO,L1,UPF-02,99.18,99.2,0.03,99.29,94.0,NORMAL,N3;N4;N6,DATA_NETWORK;GNB;SMF;UPF
SCENARIO-03,2026-08-12T10:31:42Z,USER_PLANE_PACKET_DELIVERY_SUCCESS_RATIO,L1,UPF-02,99.19,99.2,0.04,99.2,94.0,NORMAL,N3;N4;N6,DATA_NETWORK;GNB;SMF;UPF
SCENARIO-03,2026-08-12T10:31:48Z,USER_PLANE_PACKET_DELIVERY_SUCCESS_RATIO,L1,UPF-02,95.56,99.2,0.3,94.1,94.0,NORMAL,N3;N4;N6,DATA_NETWORK;GNB;SMF;UPF
SCENARIO-03,2026-08-12T10:31:54Z,USER_PLANE_PACKET_DELIVERY_SUCCESS_RATIO,L1,UPF-02,91.92,99.2,0.46,90.46,94.0,NORMAL,N3;N4;N6,DATA_NETWORK;GNB;SMF;UPF
SCENARIO-03,2026-08-12T10:32:00Z,USER_PLANE_PACKET_DELIVERY_SUCCESS_RATIO,L1,UPF-02,88.28,99.2,0.62,86.82,94.0,NORMAL,N3;N4;N6,DATA_NETWORK;GNB;SMF;UPF
SCENARIO-03,2026-08-12T10:32:06Z,USER_PLANE_PACKET_DELIVERY_SUCCESS_RATIO,L1,UPF-02,84.64,99.2,0.78,83.18,94.0,CRITICAL,N3;N4;N6,DATA_NETWORK;GNB;SMF;UPF
SCENARIO-03,2026-08-12T10:32:12Z,USER_PLANE_PACKET_DELIVERY_SUCCESS_RATIO,L1,UPF-02,81.0,99.2,0.94,79.54,94.0,CRITICAL,N3;N4;N6,DATA_NETWORK;GNB;SMF;UPF
SCENARIO-03,2026-08-12T10:32:18Z,USER_PLANE_PACKET_DELIVERY_SUCCESS_RATIO,L1,UPF-02,84.64,99.2,0.78,83.18,94.0,CRITICAL,N3;N4;N6,DATA_NETWORK;GNB;SMF;UPF
SCENARIO-03,2026-08-12T10:32:24Z,USER_PLANE_PACKET_DELIVERY_SUCCESS_RATIO,L1,UPF-02,88.28,99.2,0.62,86.82,94.0,NORMAL,N3;N4;N6,DATA_NETWORK;GNB;SMF;UPF
SCENARIO-03,2026-08-12T10:32:30Z,USER_PLANE_PACKET_DELIVERY_SUCCESS_RATIO,L1,UPF-02,91.92,99.2,0.46,90.46,94.0,NORMAL,N3;N4;N6,DATA_NETWORK;GNB;SMF;UPF
SCENARIO-03,2026-08-12T10:32:36Z,USER_PLANE_PACKET_DELIVERY_SUCCESS_RATIO,L1,UPF-02,95.56,99.2,0.3,94.1,94.0,NORMAL,N3;N4;N6,DATA_NETWORK;GNB;SMF;UPF
SCENARIO-03,2026-08-12T10:32:42Z,USER_PLANE_PACKET_DELIVERY_SUCCESS_RATIO,L1,UPF-02,99.06,99.2,0.05,99.11,94.0,NORMAL,N3;N4;N6,DATA_NETWORK;GNB;SMF;UPF
SCENARIO-03,2026-08-12T10:32:48Z,USER_PLANE_PACKET_DELIVERY_SUCCESS_RATIO,L1,UPF-02,99.15,99.2,0.03,99.25,94.0,NORMAL,N3;N4;N6,DATA_NETWORK;GNB;SMF;UPF
SCENARIO-03,2026-08-12T10:32:54Z,USER_PLANE_PACKET_DELIVERY_SUCCESS_RATIO,L1,UPF-02,99.14,99.2,0.02,99.15,94.0,NORMAL,N3;N4;N6,DATA_NETWORK;GNB;SMF;UPF
SCENARIO-03,2026-08-12T10:33:00Z,USER_PLANE_PACKET_DELIVERY_SUCCESS_RATIO,L1,UPF-02,99.21,99.2,0.02,99.22,94.0,NORMAL,N3;N4;N6,DATA_NETWORK;GNB;SMF;UPF
SCENARIO-03,2026-08-12T10:33:06Z,USER_PLANE_PACKET_DELIVERY_SUCCESS_RATIO,L1,UPF-02,99.24,99.2,0.02,99.17,94.0,NORMAL,N3;N4;N6,DATA_NETWORK;GNB;SMF;UPF
SCENARIO-03,2026-08-12T10:33:12Z,USER_PLANE_PACKET_DELIVERY_SUCCESS_RATIO,L1,UPF-02,99.13,99.2,0.04,99.27,94.0,NORMAL,N3;N4;N6,DATA_NETWORK;GNB;SMF;UPF
SCENARIO-03,2026-08-12T10:33:18Z,USER_PLANE_PACKET_DELIVERY_SUCCESS_RATIO,L1,UPF-02,99.22,99.2,0.05,99.2,94.0,NORMAL,N3;N4;N6,DATA_NETWORK;GNB;SMF;UPF
SCENARIO-03,2026-08-12T10:33:24Z,USER_PLANE_PACKET_DELIVERY_SUCCESS_RATIO,L1,UPF-02,99.1,99.2,0.02,99.24,94.0,NORMAL,N3;N4;N6,DATA_NETWORK;GNB;SMF;UPF
SCENARIO-03,2026-08-12T10:33:30Z,USER_PLANE_PACKET_DELIVERY_SUCCESS_RATIO,L1,UPF-02,99.29,99.2,0.02,99.14,94.0,NORMAL,N3;N4;N6,DATA_NETWORK;GNB;SMF;UPF
SCENARIO-03,2026-08-12T10:33:36Z,USER_PLANE_PACKET_DELIVERY_SUCCESS_RATIO,L1,UPF-02,99.25,99.2,0.05,99.16,94.0,NORMAL,N3;N4;N6,DATA_NETWORK;GNB;SMF;UPF
SCENARIO-03,2026-08-12T10:33:42Z,USER_PLANE_PACKET_DELIVERY_SUCCESS_RATIO,L1,UPF-02,99.13,99.2,0.03,99.26,94.0,NORMAL,N3;N4;N6,DATA_NETWORK;GNB;SMF;UPF
SCENARIO-03,2026-08-12T10:33:48Z,USER_PLANE_PACKET_DELIVERY_SUCCESS_RATIO,L1,UPF-02,99.17,99.2,0.02,99.23,94.0,NORMAL,N3;N4;N6,DATA_NETWORK;GNB;SMF;UPF
SCENARIO-03,2026-08-12T10:33:54Z,USER_PLANE_PACKET_DELIVERY_SUCCESS_RATIO,L1,UPF-02,99.12,99.2,0.05,99.11,94.0,NORMAL,N3;N4;N6,DATA_NETWORK;GNB;SMF;UPF
SCENARIO-03,2026-08-12T10:34:00Z,USER_PLANE_PACKET_DELIVERY_SUCCESS_RATIO,L1,UPF-02,99.21,99.2,0.03,99.26,94.0,NORMAL,N3;N4;N6,DATA_NETWORK;GNB;SMF;UPF
SCENARIO-03,2026-08-12T10:34:06Z,USER_PLANE_PACKET_DELIVERY_SUCCESS_RATIO,L1,UPF-02,99.16,99.2,0.03,99.19,94.0,NORMAL,N3;N4;N6,DATA_NETWORK;GNB;SMF;UPF
SCENARIO-03,2026-08-12T10:34:12Z,USER_PLANE_PACKET_DELIVERY_SUCCESS_RATIO,L1,UPF-02,99.29,99.2,0.03,99.14,94.0,NORMAL,N3;N4;N6,DATA_NETWORK;GNB;SMF;UPF
SCENARIO-03,2026-08-12T10:34:18Z,USER_PLANE_PACKET_DELIVERY_SUCCESS_RATIO,L1,UPF-02,99.22,99.2,0.03,99.26,94.0,NORMAL,N3;N4;N6,DATA_NETWORK;GNB;SMF;UPF
SCENARIO-03,2026-08-12T10:34:24Z,USER_PLANE_PACKET_DELIVERY_SUCCESS_RATIO,L1,UPF-02,99.12,99.2,0.02,99.18,94.0,NORMAL,N3;N4;N6,DATA_NETWORK;GNB;SMF;UPF
SCENARIO-03,2026-08-12T10:34:30Z,USER_PLANE_PACKET_DELIVERY_SUCCESS_RATIO,L1,UPF-02,99.16,99.2,0.05,99.14,94.0,NORMAL,N3;N4;N6,DATA_NETWORK;GNB;SMF;UPF
SCENARIO-03,2026-08-12T10:34:36Z,USER_PLANE_PACKET_DELIVERY_SUCCESS_RATIO,L1,UPF-02,99.12,99.2,0.02,99.17,94.0,NORMAL,N3;N4;N6,DATA_NETWORK;GNB;SMF;UPF
SCENARIO-03,2026-08-12T10:34:42Z,USER_PLANE_PACKET_DELIVERY_SUCCESS_RATIO,L1,UPF-02,99.12,99.2,0.03,99.24,94.0,NORMAL,N3;N4;N6,DATA_NETWORK;GNB;SMF;UPF
SCENARIO-04,2026-08-12T10:34:36Z,N7_POLICY_ASSOCIATION_SUCCESS_RATIO,L1,SMF-02,98.89,99.0,0.03,98.99,93.0,NORMAL,N7,PCF;SMF
SCENARIO-04,2026-08-12T10:34:42Z,N7_POLICY_ASSOCIATION_SUCCESS_RATIO,L1,SMF-02,99.03,99.0,0.05,99.02,93.0,NORMAL,N7,PCF;SMF
SCENARIO-04,2026-08-12T10:34:48Z,N7_POLICY_ASSOCIATION_SUCCESS_RATIO,L1,SMF-02,98.96,99.0,0.04,99.06,93.0,NORMAL,N7,PCF;SMF
SCENARIO-04,2026-08-12T10:34:54Z,N7_POLICY_ASSOCIATION_SUCCESS_RATIO,L1,SMF-02,98.86,99.0,0.04,98.98,93.0,NORMAL,N7,PCF;SMF
SCENARIO-04,2026-08-12T10:35:00Z,N7_POLICY_ASSOCIATION_SUCCESS_RATIO,L1,SMF-02,98.98,99.0,0.04,98.93,93.0,NORMAL,N7,PCF;SMF
SCENARIO-04,2026-08-12T10:35:06Z,N7_POLICY_ASSOCIATION_SUCCESS_RATIO,L1,SMF-02,98.86,99.0,0.05,99.04,93.0,NORMAL,N7,PCF;SMF
SCENARIO-04,2026-08-12T10:35:12Z,N7_POLICY_ASSOCIATION_SUCCESS_RATIO,L1,SMF-02,98.96,99.0,0.02,98.95,93.0,NORMAL,N7,PCF;SMF
SCENARIO-04,2026-08-12T10:35:18Z,N7_POLICY_ASSOCIATION_SUCCESS_RATIO,L1,SMF-02,99.01,99.0,0.03,99.09,93.0,NORMAL,N7,PCF;SMF
SCENARIO-04,2026-08-12T10:35:24Z,N7_POLICY_ASSOCIATION_SUCCESS_RATIO,L1,SMF-02,98.86,99.0,0.02,98.99,93.0,NORMAL,N7,PCF;SMF
SCENARIO-04,2026-08-12T10:35:30Z,N7_POLICY_ASSOCIATION_SUCCESS_RATIO,L1,SMF-02,98.94,99.0,0.03,98.92,93.0,NORMAL,N7,PCF;SMF
SCENARIO-04,2026-08-12T10:35:36Z,N7_POLICY_ASSOCIATION_SUCCESS_RATIO,L1,SMF-02,98.88,99.0,0.03,98.96,93.0,NORMAL,N7,PCF;SMF
SCENARIO-04,2026-08-12T10:35:42Z,N7_POLICY_ASSOCIATION_SUCCESS_RATIO,L1,SMF-02,98.92,99.0,0.05,98.91,93.0,NORMAL,N7,PCF;SMF
SCENARIO-04,2026-08-12T10:35:48Z,N7_POLICY_ASSOCIATION_SUCCESS_RATIO,L1,SMF-02,98.9,99.0,0.04,99.08,93.0,NORMAL,N7,PCF;SMF
SCENARIO-04,2026-08-12T10:35:54Z,N7_POLICY_ASSOCIATION_SUCCESS_RATIO,L1,SMF-02,98.88,99.0,0.04,99.04,93.0,NORMAL,N7,PCF;SMF
SCENARIO-04,2026-08-12T10:36:00Z,N7_POLICY_ASSOCIATION_SUCCESS_RATIO,L1,SMF-02,98.9,99.0,0.04,99.04,93.0,NORMAL,N7,PCF;SMF
SCENARIO-04,2026-08-12T10:36:06Z,N7_POLICY_ASSOCIATION_SUCCESS_RATIO,L1,SMF-02,99.1,99.0,0.03,98.93,93.0,NORMAL,N7,PCF;SMF
SCENARIO-04,2026-08-12T10:36:12Z,N7_POLICY_ASSOCIATION_SUCCESS_RATIO,L1,SMF-02,98.87,99.0,0.03,99.04,93.0,NORMAL,N7,PCF;SMF
SCENARIO-04,2026-08-12T10:36:18Z,N7_POLICY_ASSOCIATION_SUCCESS_RATIO,L1,SMF-02,99.1,99.0,0.04,99.09,93.0,NORMAL,N7,PCF;SMF
SCENARIO-04,2026-08-12T10:36:24Z,N7_POLICY_ASSOCIATION_SUCCESS_RATIO,L1,SMF-02,99.1,99.0,0.04,99.04,93.0,NORMAL,N7,PCF;SMF
SCENARIO-04,2026-08-12T10:36:30Z,N7_POLICY_ASSOCIATION_SUCCESS_RATIO,L1,SMF-02,98.99,99.0,0.03,98.96,93.0,NORMAL,N7,PCF;SMF
SCENARIO-04,2026-08-12T10:36:36Z,N7_POLICY_ASSOCIATION_SUCCESS_RATIO,L1,SMF-02,98.89,99.0,0.04,99.04,93.0,NORMAL,N7,PCF;SMF
SCENARIO-04,2026-08-12T10:36:42Z,N7_POLICY_ASSOCIATION_SUCCESS_RATIO,L1,SMF-02,98.89,99.0,0.03,98.94,93.0,NORMAL,N7,PCF;SMF
SCENARIO-04,2026-08-12T10:36:48Z,N7_POLICY_ASSOCIATION_SUCCESS_RATIO,L1,SMF-02,99.1,99.0,0.04,98.95,93.0,NORMAL,N7,PCF;SMF
SCENARIO-04,2026-08-12T10:36:54Z,N7_POLICY_ASSOCIATION_SUCCESS_RATIO,L1,SMF-02,98.97,99.0,0.03,99.01,93.0,NORMAL,N7,PCF;SMF
SCENARIO-04,2026-08-12T10:37:00Z,N7_POLICY_ASSOCIATION_SUCCESS_RATIO,L1,SMF-02,98.97,99.0,0.05,98.93,93.0,NORMAL,N7,PCF;SMF
SCENARIO-04,2026-08-12T10:37:06Z,N7_POLICY_ASSOCIATION_SUCCESS_RATIO,L1,SMF-02,99.07,99.0,0.02,98.98,93.0,NORMAL,N7,PCF;SMF
SCENARIO-04,2026-08-12T10:37:12Z,N7_POLICY_ASSOCIATION_SUCCESS_RATIO,L1,SMF-02,99.03,99.0,0.03,98.98,93.0,NORMAL,N7,PCF;SMF
SCENARIO-04,2026-08-12T10:37:18Z,N7_POLICY_ASSOCIATION_SUCCESS_RATIO,L1,SMF-02,98.95,99.0,0.04,98.93,93.0,NORMAL,N7,PCF;SMF
SCENARIO-04,2026-08-12T10:37:24Z,N7_POLICY_ASSOCIATION_SUCCESS_RATIO,L1,SMF-02,98.93,99.0,0.02,98.99,93.0,NORMAL,N7,PCF;SMF
SCENARIO-04,2026-08-12T10:37:30Z,N7_POLICY_ASSOCIATION_SUCCESS_RATIO,L1,SMF-02,98.98,99.0,0.02,99.07,93.0,NORMAL,N7,PCF;SMF
SCENARIO-04,2026-08-12T10:37:36Z,N7_POLICY_ASSOCIATION_SUCCESS_RATIO,L1,SMF-02,96.0,99.0,0.3,94.8,93.0,NORMAL,N7,PCF;SMF
SCENARIO-04,2026-08-12T10:37:42Z,N7_POLICY_ASSOCIATION_SUCCESS_RATIO,L1,SMF-02,93.0,99.0,0.46,91.8,93.0,NORMAL,N7,PCF;SMF
SCENARIO-04,2026-08-12T10:37:48Z,N7_POLICY_ASSOCIATION_SUCCESS_RATIO,L1,SMF-02,90.0,99.0,0.62,88.8,93.0,NORMAL,N7,PCF;SMF
SCENARIO-04,2026-08-12T10:37:54Z,N7_POLICY_ASSOCIATION_SUCCESS_RATIO,L1,SMF-02,87.0,99.0,0.78,85.8,93.0,CRITICAL,N7,PCF;SMF
SCENARIO-04,2026-08-12T10:38:00Z,N7_POLICY_ASSOCIATION_SUCCESS_RATIO,L1,SMF-02,84.0,99.0,0.94,82.8,93.0,CRITICAL,N7,PCF;SMF
SCENARIO-04,2026-08-12T10:38:06Z,N7_POLICY_ASSOCIATION_SUCCESS_RATIO,L1,SMF-02,87.0,99.0,0.78,85.8,93.0,CRITICAL,N7,PCF;SMF
SCENARIO-04,2026-08-12T10:38:12Z,N7_POLICY_ASSOCIATION_SUCCESS_RATIO,L1,SMF-02,90.0,99.0,0.62,88.8,93.0,NORMAL,N7,PCF;SMF
SCENARIO-04,2026-08-12T10:38:18Z,N7_POLICY_ASSOCIATION_SUCCESS_RATIO,L1,SMF-02,93.0,99.0,0.46,91.8,93.0,NORMAL,N7,PCF;SMF
SCENARIO-04,2026-08-12T10:38:24Z,N7_POLICY_ASSOCIATION_SUCCESS_RATIO,L1,SMF-02,96.0,99.0,0.3,94.8,93.0,NORMAL,N7,PCF;SMF
SCENARIO-04,2026-08-12T10:38:30Z,N7_POLICY_ASSOCIATION_SUCCESS_RATIO,L1,SMF-02,98.99,99.0,0.04,99.05,93.0,NORMAL,N7,PCF;SMF
SCENARIO-04,2026-08-12T10:38:36Z,N7_POLICY_ASSOCIATION_SUCCESS_RATIO,L1,SMF-02,98.88,99.0,0.04,99.07,93.0,NORMAL,N7,PCF;SMF
SCENARIO-04,2026-08-12T10:38:42Z,N7_POLICY_ASSOCIATION_SUCCESS_RATIO,L1,SMF-02,99.06,99.0,0.04,98.96,93.0,NORMAL,N7,PCF;SMF
SCENARIO-04,2026-08-12T10:38:48Z,N7_POLICY_ASSOCIATION_SUCCESS_RATIO,L1,SMF-02,98.89,99.0,0.05,98.95,93.0,NORMAL,N7,PCF;SMF
SCENARIO-04,2026-08-12T10:38:54Z,N7_POLICY_ASSOCIATION_SUCCESS_RATIO,L1,SMF-02,99.09,99.0,0.04,98.96,93.0,NORMAL,N7,PCF;SMF
SCENARIO-04,2026-08-12T10:39:00Z,N7_POLICY_ASSOCIATION_SUCCESS_RATIO,L1,SMF-02,98.87,99.0,0.03,99.09,93.0,NORMAL,N7,PCF;SMF
SCENARIO-04,2026-08-12T10:39:06Z,N7_POLICY_ASSOCIATION_SUCCESS_RATIO,L1,SMF-02,98.92,99.0,0.04,99.02,93.0,NORMAL,N7,PCF;SMF
SCENARIO-04,2026-08-12T10:39:12Z,N7_POLICY_ASSOCIATION_SUCCESS_RATIO,L1,SMF-02,98.87,99.0,0.04,99.02,93.0,NORMAL,N7,PCF;SMF
SCENARIO-04,2026-08-12T10:39:18Z,N7_POLICY_ASSOCIATION_SUCCESS_RATIO,L1,SMF-02,99.0,99.0,0.03,99.02,93.0,NORMAL,N7,PCF;SMF
SCENARIO-04,2026-08-12T10:39:24Z,N7_POLICY_ASSOCIATION_SUCCESS_RATIO,L1,SMF-02,99.08,99.0,0.03,99.08,93.0,NORMAL,N7,PCF;SMF
SCENARIO-04,2026-08-12T10:39:30Z,N7_POLICY_ASSOCIATION_SUCCESS_RATIO,L1,SMF-02,98.86,99.0,0.05,98.92,93.0,NORMAL,N7,PCF;SMF
SCENARIO-04,2026-08-12T10:39:36Z,N7_POLICY_ASSOCIATION_SUCCESS_RATIO,L1,SMF-02,99.09,99.0,0.04,98.95,93.0,NORMAL,N7,PCF;SMF
SCENARIO-04,2026-08-12T10:39:42Z,N7_POLICY_ASSOCIATION_SUCCESS_RATIO,L1,SMF-02,98.9,99.0,0.04,99.02,93.0,NORMAL,N7,PCF;SMF
SCENARIO-04,2026-08-12T10:39:48Z,N7_POLICY_ASSOCIATION_SUCCESS_RATIO,L1,SMF-02,98.86,99.0,0.05,99.01,93.0,NORMAL,N7,PCF;SMF
SCENARIO-04,2026-08-12T10:39:54Z,N7_POLICY_ASSOCIATION_SUCCESS_RATIO,L1,SMF-02,99.01,99.0,0.03,98.95,93.0,NORMAL,N7,PCF;SMF
SCENARIO-04,2026-08-12T10:40:00Z,N7_POLICY_ASSOCIATION_SUCCESS_RATIO,L1,SMF-02,99.05,99.0,0.03,98.99,93.0,NORMAL,N7,PCF;SMF
SCENARIO-04,2026-08-12T10:40:06Z,N7_POLICY_ASSOCIATION_SUCCESS_RATIO,L1,SMF-02,99.02,99.0,0.02,98.98,93.0,NORMAL,N7,PCF;SMF
SCENARIO-04,2026-08-12T10:40:12Z,N7_POLICY_ASSOCIATION_SUCCESS_RATIO,L1,SMF-02,98.97,99.0,0.03,98.93,93.0,NORMAL,N7,PCF;SMF
SCENARIO-04,2026-08-12T10:40:18Z,N7_POLICY_ASSOCIATION_SUCCESS_RATIO,L1,SMF-02,99.07,99.0,0.03,99.1,93.0,NORMAL,N7,PCF;SMF
SCENARIO-04,2026-08-12T10:40:24Z,N7_POLICY_ASSOCIATION_SUCCESS_RATIO,L1,SMF-02,98.94,99.0,0.03,99.05,93.0,NORMAL,N7,PCF;SMF
SCENARIO-04,2026-08-12T10:40:30Z,N7_POLICY_ASSOCIATION_SUCCESS_RATIO,L1,SMF-02,98.98,99.0,0.02,98.95,93.0,NORMAL,N7,PCF;SMF
